gestora;titulo;subtitulo;url;relevancia;alvo
Xp Investimentos;"Safra e XP recomendam compra com aposta de longo prazo nessa empresa do setor automotivo; ação pode saltar 32% – Mercado – Estadão E-Investidor – As principais notícias do mercado financeiro";Analistas de Safra e XP Investimentos reforçaram visão otimista para fabricante de componentes e sistemas automotivos após mensagem de que empresa dá prioridade à redução do endividamento. Confira a análise.;https://einvestidor.estadao.com.br/mercado/safra-xp-aposta-empresa-automotivo-recomendacao-iochpe-maxion-mypk3/;"""""""N""""""";
Xp Investimentos;"Usiminas (USIM5): queda de 21% não muda visão cautelosa da XP sobre ações; entenda";Embora o EV/EBITDA de 3 vezes para 2026 não pareça elevado, a XP entende que múltiplos de avaliação mais baixos são justos;https://www.infomoney.com.br/mercados/usiminas-usim5-queda-de-21-nao-muda-visao-cautelosa-da-xp-sobre-acoes-entenda/;"""""""N""""""";
Xp Investimentos;XP vê Usiminas (USIM5) pressionada no médio prazo e com dividendos baixos – Mercado – Estadão E-Investidor – As principais notícias do mercado financeiro;A XP Investimentos afirmou em relatório publicado nesta terça-feira (26) que a Usiminas (USIM5) deve continuar pressionada ao longo de 2026 e 2026.;https://einvestidor.estadao.com.br/mercado/usminas-usmi5-dividendos-investir-analise-xp/;"""""""S""""""";
Xp Investimentos;"Renda fixa hoje: CDBs pagam até 14,65% ao ano; vejam outras taxas nesta terça na XP";Veja as taxas da Renda Fixa hoje, 26 de agosto de 2025, em investimentos prefixados, pós-fixados e híbridos.;https://www.infomoney.com.br/onde-investir/renda-fixa-hoje-26082025/;"""""""N""""""";
Xp Investimentos;Usiminas: XP mantém visão cautelosa e preço-alvo de R$ 5,00 para ações na B3 | ADVFN News;XP Investimentos avalia que queda de 21% das ações da Usiminas (USIM5) no ano reflete custos elevados e cenário fraco para o aço plano, apesar de...;https://br.advfn.com/jornal/2025/08/usiminas-xp-mantem-visao-cautelosa-e-preco-alvo-de-r-5-00-para-acoes-na-b3;"""""""N""""""";
Xp Investimentos;Fiagros se reinventam em busca de ampliar acesso do pequeno investidor ao agro;Durante o XP Agro Insights, gestores apontaram que a nova regulação da CVM flexibiliza ativos e aproxima ainda mais a pessoa física do setor;https://www.infomoney.com.br/onde-investir/fiagros-se-reinventam-em-busca-de-ampliar-acesso-do-pequeno-investidor-ao-agro/;"""""""N""""""";
Xp Investimentos;Bless Life Marketing assina ativações de B3, CME e Patria na Expert XP - Live MKT News;A Bless Life Marketing, agência referência em live marketing, esteve presente na Expert XP — um dos maiores eventos do mercado financeiro;https://livemarketing.com.br/bless-life-marketing-assina-ativacoes-de-b3-cme-e-patria-na-expert-xp;"""""""N""""""";
Xp Investimentos;Do fosso ao teto: como os Fiagros estão comprando previsibilidade - The AgriBiz;Para atender a um investidor que gosta de previsibilidade e dividendos recorrentes (o famoso pinga-pinga), os gestores se adaptando.;https://www.theagribiz.com/credito-rural/fiagro/do-fosso-ao-teto-como-os-fiagros-estao-comprando-previsibilidade/;"""""""N""""""";
Xp Investimentos;Pessimismo com Fiagro foi exagerado e especialistas sugerem foco em governança;Durante debate no XP Agro Insights, gestores, representantes de empresas e especialistas defenderam a gestão, a transparência e a diversificação como armas contra a crise de reputação recente;https://www.infomoney.com.br/onde-investir/pessimismo-com-fiagro-foi-exagerado-e-especialistas-sugerem-foco-em-governanca/;"""""""S""""""";
Xp Investimentos;"Usiminas (USIM5): queda de 21% não muda visão cautelosa da XP sobre ações; entenda - Economia em Pauta";A XP Investimentos atualizou, em relatório, suas estimativas para a Usiminas (USIM5), cujas ações acumulam queda de 21% no ano, contra alta de 15% do Ibovespa, e reiterou a recomendação neutra, ao mesmo tempo em que estabeleceu um preço-alvo para o final de 2026 de R$ 5,00, representando um potencial…;https://economiaempauta.com.br/usiminas-usim5-queda-de-21-nao-muda-visao-cautelosa-da-xp-sobre-acoes-entenda/;"""""""N""""""";
Xp Investimentos;"Vendas do Tesouro Direto batem recorde para meses de julho; veja papel mais buscado";Volume vendido ficou em R$ 7,26 bilhões no mês passado;https://www.infomoney.com.br/onde-investir/vendas-do-tesouro-direto-batem-recorde-para-meses-de-julho-veja-papel-mais-buscado/;"""""""N""""""";
Xp Investimentos;Roger Federer é bilionário por causa de tênis – mas não o esporte;Empresa que deixou Federer bilionário foi fundada por um ex-atleta que colava pedaços de mangueira de jardim na base de seus tênis;https://www.infomoney.com.br/business/roger-federer-bilionario-fortuna-investimento-empresa-empreendedorismo/;"""""""N""""""";
Xp Investimentos;IPCA-15: Energia ajuda e inflação recua após 2 anos, mas composição preocupa economistas – Money Times;Inflação cai pela primeira vez em mais de dois anos, mas composição do IPCA-15 preocupa economistas. Veja.;https://www.moneytimes.com.br/ipca-15-energia-ajuda-e-inflacao-recua-apos-2-anos-mas-composicao-preocupa-economistas-gll/;"""""""N""""""";
Xp Investimentos;Editora Roncarati - 46º CBPP apontará caminhos para fortalecer a previdência complementar como ferramenta de inclusão e proteção social | Artigos e Notícias;Banco de Dados contendo a legislação para os setores de seguros, resseguros, previdência complementar, capitalização, microsseguros e saúde suplementar.;https://www.editoraroncarati.com.br/v2/Artigos-e-Noticias/Artigos-e-Noticias/46%C2%BA-CBPP-apontara-caminhos-para-fortalecer-a-previdencia-complementar-como-ferramenta-de-inclusao-e-protecao-social.html;"""""""N""""""";
Xp Investimentos;Usiminas (USIM5) caiu mais de 20% na bolsa este ano - mas ação não está barata, dizem analistas | Exame;Companhia tem compromisso de investimentos pesados nos próximos anos, o que compromete a avaliação do papel;https://exame.com/invest/mercados/usiminas-usim5-caiu-mais-de-20-na-bolsa-este-ano-mas-acao-nao-esta-barata-dizem-analistas/;"""""""N""""""";
Xp Investimentos;Corinthians pode receber bolada de quase R$ 60 milhões para aliviar crise financeira;O Corinthians vive um momento financeiro delicado e busca alternativas para aliviar a crise. O novo presidente, Osmar Stabile, recorreu à Liga Forte União;https://timaofanaticos.com.br/corinthians-pode-receber-bolada-de-quase-r-60-milhoes-para-aliviar-crise-financeira/;"""""""S""""""";
Xp Investimentos;Hapvida (HAPV3) e Oncoclínicas (ONCO3) fizeram um bom negócio? Analistas dizem que sim – Money Times;As ações da Hapvida e da Oncoclínicas operam em queda após a operação de R$ 5,3 milhões, mesmo com avaliação positiva do mercado;https://www.moneytimes.com.br/hapvida-hapv3-e-oncoclinicas-onco3-fizeram-um-bom-negocio-analistas-dizem-que-sim-lils/;"""""""N""""""";
Vinci;Editora Roncarati - 46º CBPP apontará caminhos para fortalecer a previdência complementar como ferramenta de inclusão e proteção social | Artigos e Notícias;Banco de Dados contendo a legislação para os setores de seguros, resseguros, previdência complementar, capitalização, microsseguros e saúde suplementar.;https://www.editoraroncarati.com.br/v2/Artigos-e-Noticias/Artigos-e-Noticias/46%C2%BA-CBPP-apontara-caminhos-para-fortalecer-a-previdencia-complementar-como-ferramenta-de-inclusao-e-protecao-social.html;"""""""N""""""";
Vinci;ASA, de Alberto Safra, obtém nova licença do BC e aponta ‘passo relevante’ em expansão;Instituição financeira que atua hoje com três verticais, wealth & private, asset e empresas, prevê o acesso a novas fontes de funding, em geral com menor custo, com licença de Sociedade de Crédito, Financiamento e Investimento;https://www.bloomberglinea.com.br/2025/08/26/asa-de-alberto-safra-obtem-licenca-de-sociedade-de-credito-do-bc-e-aponta-salto/;"""""""N""""""";
Vinci;Em evento em Salvador, IBGC destaca papel da governança para superar desafios históricos do Nordeste - Bahia Notícias;O Instituto Brasileiro de Governança Corporativa (IBGC) promove, nesta terça-feira (26), a 3ª edição do ‘Seminário de Governança no Nordeste’. O evento, realizado de modo 100% presencial, reuniu renomados profissionais do mercado para discutir as melhores práticas e a importância da governança no desenvolvimento econômico da região.;https://www.bahianoticias.com.br/noticia/307927-em-evento-em-salvador-ibgc-destaca-papel-da-governanca-para-superar-desafios-historicos-do-nordeste;"""""""N""""""";
Tarpon;Pescador pega peixe de quase 1,9m de comprimento e viraliza na web - PaiPee;O pescador Rhusyvel Peterson chamou atenção nas redes sociais ao capturar um tarpon de 1,89 metro no delta do Rio São Francisco. No vídeo, ele exibe o gigante, conhecido também como Pirapema, Tarpão ou Camurupim em algumas regiões (Reprodução/ @rhusyvel_peterson);https://br.paipee.com/2025/08/26/pescador-pega-peixe-de-quase-19m-de-comprimento-e-viraliza-na-web/;"""""""N""""""";
Bnp;BNP Paribas reduz projeção de inflação e vê afrouxamento da Selic em março | CNN Brasil;Previsões anteriores do banco apontavam para reduções dos juros a partir de abril;https://www.cnnbrasil.com.br/economia/macroeconomia/bnp-paribas-reduz-projecao-de-inflacao-e-ve-afrouxamento-da-selic-em-marco/;"""""""N""""""";
Bnp;"Florianópolis é a cidade mais competitiva do Brasil; SP a terceira | CNN Brasil";"Ranking de Competitividade dos Municípios, é baseado em 13 pilares considerados “fundamentais"" para a promoção da competitividade e melhoria da gestão pública";https://www.cnnbrasil.com.br/economia/macroeconomia/florianopolis-e-a-cidade-mais-competitiva-do-brasil-sp-a-terceira/;"""""""S""""""";
Bnp;Ações caem com riscos políticos na França e preocupações com independência do Fed — TradingView News;As ações europeias recuaram nesta terça-feira, encabeçadas pelas quedas na França já que parece cada vez mais provável que o governo minoritário do país será destituído no próximo mês, enquanto as crescentes preocupações com a independência do Federal Reserve reduziam o apetite por ativos de maior…;https://br.tradingview.com/news/reuters.com,2025:newsml_L6N3UI0OH:0/;"""""""N""""""";
Bnp;Transformação ecológica: Fazenda aposta em desafios tecnológicos e NITs | CNN Brasil;"Governo quer usar compras públicas para fazer inovação tecnológica semelhante à vacinas de covid-19; expansão da troca entre centros de pesquisa também está na mesa";https://www.cnnbrasil.com.br/economia/macroeconomia/transformacao-ecologica-fazenda-aposta-em-desafios-tecnologicos-e-nits/;"""""""N""""""";
Bnp;Saneamento nas cidades piora por infraestrutura antiga, diz estudo | CNN Brasil;Indicador que mede avanço em questões ambientais, no entanto, seguiu na direção oposta e registrou a maior média da história;https://www.cnnbrasil.com.br/economia/macroeconomia/saneamento-nas-cidades-piora-por-infraestrutura-antiga-diz-estudo/;"""""""N""""""";
Bnp;Trump: Tarifas de móveis serão importantes e definição ocorrerá rapidamente | CNN Brasil;Republicano também comemorou todos os acordos comerciais firmados até o momento, citando diversos parceiros;https://www.cnnbrasil.com.br/economia/macroeconomia/trump-tarifas-de-moveis-serao-importantes-e-definicao-ocorrera-rapidamente/;"""""""N""""""";
Bnp;Bolsas da Europa tentam recuperação, ainda monitorando França e riscos ao Fed, antes de Nvidia - 27/08/2025 | Diário do Grande ABC;Bolsas da Europa tentam recuperação, ainda monitorando França e riscos ao Fed, antes de Nvidia  - Notícias e informações do Grande ABC: bolsas,europa;https://www.dgabc.com.br/Noticia/4253698/bolsas-da-europa-tentam-recuperacao-ainda-monitorando-franca-e-riscos-ao-fed-antes-de-nvidia;"""""""S""""""";
Xp Investimentos;ERROR: The request could not be satisfied;N/A;https://www.portaltela.com/economia/educacao/2025/08/29/melhores-taxas-de-cdb-lci-e-lca-para-investir-nesta-sextafeira;N;
Xp Investimentos;De salto de 1.250% em ativos ao Cine Belas Artes: a trajetória da Reag Capital;"Grupo fundado e liderado por João Carlos Mansur teve expansão acelerada com mais de 15 aquisições, que ajudaram a levar os ativos sob gestão para mais de R$ 340 bilhões; em nota, Reag negou envolvimento com atividades dos clientes";https://www.bloomberglinea.com.br/negocios/de-salto-de-1250-em-ativos-ao-cine-belas-artes-a-trajetoria-da-reag-investimentos/;N;
Xp Investimentos;Renda fixa hoje: veja as melhores taxas para CDB, LCI e LCA nesta sexta (29) na XP;Confira investimentos prefixados, pós-fixados e híbridos em renda fixa;https://www.infomoney.com.br/onde-investir/renda-fixa-hoje-veja-as-melhores-taxas-para-cdb-lci-e-lca-nesta-sexta-29-na-xp/;N;
Xp Investimentos;“Retrofit de fazendas” e spreads baixos: as oportunidades e o cenário do mercado de Fiagros segundo a Riza Asset - AgFeed;Riza Asset vê potencial bilionário em Fiagros focados em recuperação de terras degradadas, mesmo com juros altos;https://agfeed.com.br/financas/retrofit-de-fazendas-e-spreads-baixos-as-oportunidades-e-o-cenario-do-mercado-de-fiagros-segundo-a-riza-asset/;N;
Xp Investimentos;Demanda por FIDCs impulsiona captação e contratações na Solis | Finanças | Valor Econômico;Gestora aposta que taxas de juros elevadas continuarão atraindo investidores para o aquecido mercado de dívida;https://valor.globo.com/financas/noticia/2025/08/29/demanda-por-fidcs-impulsiona-captacao-e-contratacoes-na-solis.ghtml;N;
Xp Investimentos;Diário Indústria & Comércio - Notícias;Curitiba com evento da XP sobre investimentos em 2025;https://www.diarioinduscom.com.br/Noticias/868027/curitiba_com_evento_da_xp_sobre_investimentos_em_2025;N;
Xp Investimentos;"Ação do Itaú (ITUB4) tem espaço para mais altas? XP vê potencial maior e reajusta preço-alvo; veja a recomendação – Mercado – Estadão E-Investidor – As principais notícias do mercado financeiro";A XP Investimentos manteve sua recomendação de compra e elevou o preço-alvo para o Itaú (ITUB4) de R$ 43,00 para R$ 45,00, alta de 17,3% na comparação com o fechamento de quinta-feira (28).;https://einvestidor.estadao.com.br/mercado/itau-itub4-acao-xp-investimentos-preco-recomendacao/;N;
Xp Investimentos;8 opções de cartão de crédito para quem está negativado em 2025;Esses cartões garantem crédito sem dor de cabeça em 2025.;https://capitalist.com.br/negativado-em-2025-veja-8-bancos-que-oferecem-cartao-com-limite-sem-burocracia/;N;
Xp Investimentos;Instituto Brasileiro de Teatro É Inaugurado em São Paulo com Programação Diversa;Com  R$ 45 milhões investidos, espaço de 12 andares no centro da cidade quer democratizar acesso à arte e ajudar na revitalização da região;https://forbes.com.br/forbeslife/2025/08/instituto-brasileiro-de-teatro-e-inaugurado-em-sao-paulo-com-programacao-diversa/;N;
Xp Investimentos;MIGALHAS nº 6.174;Informações jurídicas de sexta-feira, 29 de agosto de 2025.;https://www.migalhas.com.br/informativo/6174;N;
Xp Investimentos;O que explica o salto de 50% do Inter Invest em um ano - NeoFeed;O Inter Invest passou de R$ 100 bi para R$ 154 bi em ativos sob custódia em um ano. O que o;https://neofeed.com.br/negocios/o-que-explica-o-salto-de-50-do-inter-invest-em-um-ano/;N;
Xp Investimentos;Mais duas e mais R$ 1,5 bilhão no bolso: Raízen vende usinas em MS para a Cocal - AgFeed;Raízen vende usinas em MS à Cocal por R$ 1,5 bi para reduzir dívida, mas valor é menor que prejuízo do 1º tri de 2025/26;https://agfeed.com.br/negocios/mais-duas-e-mais-r-15-bilhao-no-bolso-raizen-vende-usinas-em-ms-para-a-cocal/;N;
Xp Investimentos;Just a moment...;N/A;https://acionista.com.br/investir-em-ia-para-onde-vai-o-radar/;N;
Xp Investimentos;O jogo arriscado dos Coelho Diniz no Pão de Açúcar (PCAR3): afinal, o que eles querem com a varejista? - Seu Dinheiro;De acordo com um gestor com quem o Seu Dinheiro conversou, a resposta é simples: comprar um player relevante, o Pão de Açúcar, a preço de banana. Mas esta é uma aposta arriscada;https://www.seudinheiro.com/2025/empresas/o-jogo-arriscado-dos-coelho-diniz-no-pao-de-acucar-pcar3-afinal-o-que-eles-querem-com-a-varejista-bdap/;N;
Xp Investimentos;"Cury e C&A entram no Ibovespa em setembro; Petz e São Martinho saem";Cury e C&A entram no Ibovespa em setembro, substituindo São Martinho e Petz. Confira impactos e novidades do índice para investidores.;https://melhorinvestimento.net/noticias/cury-cea-entradas-ibovespa-setembro;N;
Xp Investimentos;Multibilionária e nome de cinema: ações da Reag despencam após suspeita de ligação com facção - NSC Total;A Reag Investimentos, uma das maiores gestoras independentes do Brasil, foi alvo de mandados de busca e apreensão da Polícia Federal nesta quinta-feira;https://www.nsctotal.com.br/noticias/multibilionaria-e-nome-de-cinema-acoes-da-reag-despencam-apos-pf-apontar-ligacao-com-faccao;N;
Xp Investimentos;Entram Cury (CURY3) e C&A (CEAB3), saem São Martinho (SMTO3) e Petz (PETZ3): bolsa divulga terceira prévia do Ibovespa - Seu Dinheiro;A nova composição do índice entra em vigor em 1º de setembro e permanece até o fim de dezembro, com 84 papéis de 81 empresas;https://www.seudinheiro.com/2025/bolsa-dolar/entram-cury-cury3-e-campa-ceab3-saem-sao-martinho-smto3-e-petz-petz3-bolsa-divulga-terceira-previa-do-ibovespa-paty/;N;
Xp Investimentos;REAG3: ações da Reag Investimentos desabam 15,7% após busca e apreensão em sua sede;"""Trata-se de procedimento investigativo em curso"", afirmou a Reag em fato relevante à Comissão de Valores Mobiliários (CVM)";https://www.infomoney.com.br/mercados/reag3-acoes-da-reag-investimentos-desabam-17-apos-busca-e-apreensao-em-sua-sede/;N;
Xp Investimentos;'Trump vai descer a pancada' no Brasil, diz economista: apoio à China, moeda dos BRICS, risco de sanções e fuga de capital assustam mercado e isolam país de aliados históricos - CPG Click Petroleo e Gas;Crise entre Brasil e EUA cresce com tarifas, moeda dos BRICS e risco de sanções. Mercado teme fuga de capitais e perda de aliados.;https://clickpetroleoegas.com.br/trump-vai-descer-a-pancada-no-brasil-diz-economista-apoio-a-china-moeda-dos-brics-risco-de-sancoes-e-fuga-de-capital-assustam-mercado-e-isolam-pais-de-aliados-historicos-afch/;N;
Xp Investimentos;Reag investimentos é alvo de operação da Polícia Federal;Polícia Federal investiga a Reag Investimentos por suposto envolvimento em lavagem de dinheiro para o PCC. Ações da empresa (REAG3) caem forte.;https://www.meionews.com/noticias/economia/alvo-da-pf-reag-tem-queda-de-15-nas-acoes-apos-megaoperacao-contra-o-pcc-540327;N;
Xp Investimentos;Alvo da PF, ações da Reag despencam após megaoperação contra o PCC;Fundada em 2013, empresa é uma das maiores gestoras independentes do Brasil, administrando R$ 299 bilhões. A empresa foi a primeira gestora de patrimônio listada na bolsa.;https://g1.globo.com/economia/noticia/2025/08/28/reag-empresa-listada-bolsa-de-valores-investigacao-pf-pcc.ghtml;N;
Xp Investimentos;Fim da isenção na renda fixa acelera corrida por produtos no segundo semestre;A corrida pela renda fixa isenta deve marcar o 2S25. O alerta foi dado por Bruno Marangoni, CEO da SPX Capital, e Márcio Verri, CEO da Kinea.;https://www.infomoney.com.br/advisor/fim-da-isencao-na-renda-fixa-acelera-corrida-por-produtos-no-segundo-semestre/;N;
Xp Investimentos;Governo rejeita recurso, consórcio K&G é excluído e XP Investimentos assume a Rota da Celulose;Decisão abre caminho para a assinatura do contrato de R$ 6,9 bilhões ainda em 2025;https://cenarioms.com/noticia/15510/governo-rejeita-recurso-consorcio-kag-e-excluido-e-xp-investimentos-assume-a-rota-da-celulose;N;
Xp Investimentos;Alvo de megaoperação, Reag teve crescimento acelerado ao assumir mandatos de fundos exclusivos e por meio de aquisições | Finanças | Valor Econômico;Fonte ligada à gestora diz que os sócios estavam reunidos num comitê de crise, adiantando que os fundos-alvo da Operação Carbono Oculto tinham sido renunciados e liquidados pela casa;https://valor.globo.com/financas/noticia/2025/08/28/alvo-de-megaoperao-reag-teve-crescimento-acelerado-ao-assumir-mandatos-de-fundos-exclusivos-e-por-meio-de-aquisies.ghtml;N;
Xp Investimentos;ERROR: The request could not be satisfied;N/A;https://www.portaltela.com/noticias/economia/2025/08/28/investidor-que-aplicou-r-50-mil-no-fii-gare11-ve-patrimonio-crescer-em-um-ano;N;
Xp Investimentos;Itaú com ROE > 25%? A XP aposta que sim - Brazil Journal;A XP publicou um relatório mantendo sua recomendação de ‘compra’ para Itaú, elevando seu preço-alvo e explicando por que acredita que o banco pode entregar um;https://braziljournal.com/itau-com-roe-25-a-xp-aposta-que-sim/;N;
Xp Investimentos;Acesso Bloqueado;N/A;https://conteudos.xpi.com.br/analise-tecnica/relatorios/day-trade-29-08-2025-abertura-de-mercado-e-minicontratos/;N;
Xp Investimentos;Acesso Bloqueado;N/A;https://conteudos.xpi.com.br/renda-fixa/relatorios/fique-de-olho-na-renda-fixa-agosto-2025/;N;
Xp Investimentos;Acesso Bloqueado;N/A;https://conteudos.xpi.com.br/acoes/relatorios/educacao-xp-lecture-notes-29-08-25/;N;
Xp Investimentos;Acesso Bloqueado;N/A;https://conteudos.xpi.com.br/acoes/relatorios/iochpe-maxion-mypk3-austeridade-e-adaptabilidade/;N;
Xp Investimentos;Acesso Bloqueado;N/A;https://conteudos.xpi.com.br/acoes/relatorios/aura-minerals-aura33-alavancando-a-alta-do-preco-do-ouro-com-catalisadores-de-crescimento-estrategico/;N;
Xp Investimentos;Estado confirmará XP como vencedora da Rota da Celulose na quarta-feira - Correio do Estado;Governo convocou ontem a segunda colocada no leilão do pacote de rodovias para apresentar documentação na B3;https://correiodoestado.com.br/cidades/estado-confirmara-xp-como-vencedora-da-rota-da-celulose-na/453492/;N;
Xp Investimentos;Acesso Bloqueado;N/A;https://conteudos.xpi.com.br/acoes/relatorios/noticias-diarias-do-setor-financeiro-25-08-29-08/;N;
Xp Investimentos;XP sobe quase 10% com otimismo sobre o Brasil e movimentação de ativos - BPMoney;Investidores se animam com sinais econômicos e possíveis movimentações de grandes fundos, impulsionando o desempenho da XP no mercado;https://bpmoney.com.br/brasil/xp-sobe-quase-10-com-otimismo-sobre-o-brasil-e-movimentacao-de-ativos/;N;
Xp Investimentos;Acesso Bloqueado;N/A;https://conteudos.xpi.com.br/acoes/relatorios/mineracao-e-siderurgia-producao-mundial-de-aco-diminuiu-a-a-em-jul25-precos-do-minerio-de-ferro-sobem-2-s-s/;N;
Xp Investimentos;Mattos Filho assessora Banco Itaú BBA e XP Investimentos - Migalhas;O escritório assessorou uma oferta pública de CPR-F emitidas pela Klabin S.A., no valor total de R$ 1,5 bilhão.;https://www.migalhas.com.br/quentes/438792/mattos-filho-assessora-banco-itau-bba-e-xp-investimentos;N;
Xp Investimentos;Acesso Bloqueado;N/A;https://conteudos.xpi.com.br/politica/news-xpress-29-08-2025/;N;
Xp Investimentos;"Há 35 anos, ações gringas sobem 14% em média após cortes do Fed; é hora de comprar?";Mercado acredita que o Federal Reserve vai começar a cortar os juros na reunião de setembro;https://www.infomoney.com.br/onde-investir/ha-35-anos-acoes-gringas-sobem-14-em-media-apos-cortes-do-fed-e-hora-de-comprar/;N;
Xp Investimentos;Risco Fiscal ultrapassa cenário internacional como maior preocupação das instituições financeiras, aponta Banco Central - Times Brasil- Licenciado Exclusivo CNBC;A pesquisa do Banco Central revela que o risco fiscal superou o cenário internacional como principal preocupação das instituições financeiras, com aumento de 30% para 38%. A inadimplência e a atividade econômica também são motivo de atenção.;https://timesbrasil.com.br/brasil/risco-fiscal-ultrapassa-cenario-internacional-como-maior-preocupacao-das-instituicoes-financeiras-aponta-banco-central/;N;
Xp Investimentos;XP: ação dispara com ânimo da B3, projeções elevadas e de olho em movimento de ativos;Série de fatores guia ganhos dos ativos nesta quinta-feira;https://www.infomoney.com.br/mercados/xp-acao-dispara-com-animo-da-b3-projecoes-elevadas-e-de-olho-em-movimento-de-ativos/;N;
Xp Investimentos;Missão Global 2025 reúne investidores em Miami para falar de offshores e sucessão;Liberta e L&S apresentam soluções práticas para internacionalização patrimonial durante Missão Global 2025.;https://www.infomoney.com.br/advisor/investimentos/missao-global-2025-reune-investidores-em-miami-para-falar-de-offshores-e-sucessao/;N;
Xp Investimentos;Alvo da Carbono Oculto, grupo tem braço no futebol, com estádios e SAFs de clubes - PlatôBR;Alvo da Operação Carbono Oculto, nesta quinta-feira, 28, a gestora Reag Investimentos integra um grupo que também tem um braço no mundo do futebol, por meio;https://platobr.com.br/alvo-da-carbono-oculto-grupo-tem-braco-no-futebol-com-estadios-e-safs-de-clubes;N;
Xp Investimentos;XP: ação dispara com ânimo da B3, projeções elevadas e de olho em movimento de ativos - Economia em Pauta;"As ações da XP Inc (BDR: XPBR31) registram fortes ganhos nesta quinta-feira (28). Na Nasdaq, os ativos XP saltaram 8,68%, a US$ 18,58; já os BDRs (ativos da B3 de empresas listadas no exterior) XPB31 avançaram 8,34%, a R$ 100,67.O forte movimento ocorre por uma série de fatores.  » LEIA MAIS";https://economiaempauta.com.br/xp-acao-dispara-com-animo-da-b3-projecoes-elevadas-e-de-olho-em-movimento-de-ativos/;N;
Xp Investimentos;"Renda fixa hoje: CDBs pagam até IPCA+9,60%; veja outras taxas nesta quinta (28) na XP - Economia em Pauta";O mercado de emissão bancária, dentro da plataforma da XP, oferece nesta quinta-feira (28), CDBs com taxas prefixadas de até 14,650% ao ano com vencimento em 12 meses, enquanto títulos de inflação estão pagando até IPCA+9,600% e os pós-fixados até CDI +0,300%.LCAs contam com taxas prefixadas de até 11,890% para…;https://economiaempauta.com.br/renda-fixa-hoje-cdbs-pagam-ate-ipca960-veja-outras-taxas-nesta-quinta-28-na-xp/;N;
Xp Investimentos;Governo de Mato Grosso do Sul convoca 2º colocado em leilão da Rota da Celulose;N/A;https://www.marcoeusebio.com.br/coluna/governo-de-mato-grosso-do-sul-convoca-2-colocado-em-leilao-da-rota-da-celulose/83058;N;
Xp Investimentos;MIGALHAS nº 6.174;Informações jurídicas de sexta-feira, 29 de agosto de 2025.;https://www.migalhas.com.br/amanhecidas/438874/migalhas-n-6-174;N;
Xp Investimentos;Cury (CURY3) e C&A (CEAB3) estreiam no Ibovespa em setembro, segundo 3ª prévia do índice – Money Times;"A 3ª prévia do Ibovespa confirmou a saída de São Martinho (SMOT3) e Petz (PETZ3); Cury (CURY3) e C&A (CEAB3) entram no índice em setembro";https://www.moneytimes.com.br/cury-cury3-e-ca-ceab3-estreiam-no-ibovespa-em-setembro-segundo-3a-previa-do-indice/;N;
Xp Investimentos;AL1;Últimas notícias de Alagoas com agilidade, credibilidade e opinião. Política, economia, esporte, cultura e colunistas que fazem a diferença. Acesse agora!;https://al1.com.br/noticias/noticias/170779-conheca-a-profissao-que-pode-pagar-r100-mil-por-mes;N;
Xp Investimentos;"Ibovespa sobe mais de 1% e fica próximo ao recorde histórico com cenário eleitoral; dólar cai a R$ 5,40 – Money Times";O Ibovespa avançou com expectativa de corte nos juros dos EUA, cenário eleitoral e megaoperação na Faria Lima;https://www.moneytimes.com.br/ibovespa-28-8-25-lils/;N;
Xp Investimentos;No México, Alckmin defende integração: “Não queremos brigar com ninguém”;Vice-presidente lidera missão comercial com foco em exportações, investimentos cruzados e nova agenda regional após tarifaço dos EUA;https://www.infomoney.com.br/politica/no-mexico-alckmin-defende-integracao-nao-queremos-brigar-com-ninguem/;N;
Xp Investimentos;Reflexões sobre os desafios econômicos com a política de tarifas dos EUA ‹;N/A;https://oregional.net/reflexoes-sobre-os-desafios-economicos-com-a-politica-de-tarifas-dos-eua-186669;N;
Xp Investimentos;MSN;N/A;https://www.msn.com/pt-br;N;
Xp Investimentos;Cury (CURY3) e C&A (CEAB3) estreiam no Ibovespa em setembro - BPMoney;Cury (CURY3) e C&A (CEAB3) estrearão no Ibovespa em setembro, segundo a terceira prévia da carteira teórica do índice;https://bpmoney.com.br/negocios/empresas-na-bolsa/cury-cury3-e-ca-ceab3-estreiam-no-ibovespa-em-setembro/;N;
Xp Investimentos;Premiação de João Fonseca no US Open alcança R$ 834 mil na 2ª rodada;João Fonseca, jovem promessa do tênis brasileiro, foi eliminado na segunda rodada do US Open 2025, em Nova York, na quarta-feira, 27 de agosto, ao perder;https://www.mixvale.com.br/2025/08/28/premiacao-de-joao-fonseca-no-us-open-alcanca-r-834-mil-na-2a-rodada/;N;
Vinci;Megagalpão em área estratégica da divisa Minas-SP tem novo locatário;Encontre orientações e notícias sobre economia: investimentos, finanças, negócios, carreira, cotações de Bolsas, moedas, índices econômicos e mais...;https://economia.uol.com.br/colunas/graciliano-rocha/2025/08/27/megagalpao-em-area-estrategica-da-divisa-minas-sp-tem-novo-locador.htm;N;
Xp Investimentos;Demanda por FIDCs impulsiona captação e contratações na Solis - Bloomberg;A gestora Solis Investimentos está ampliando sua equipe e acelerando a captação de recursos, apostando que as taxas de juros elevadas continuarão atraindo investidores para o aquecido mercado de dívida do país.;https://www.bloomberg.com/news/articles/2025-08-29/demanda-por-fidcs-impulsiona-captacao-e-contratacoes-na-solis;N;
Vinci;Vinci Compass compra 70% das ações da Changi no Galeão | Brasil 247;Gestora brasileira avança no setor aeroportuário e planeja disputar leilão para assumir controle da concessionária;https://www.brasil247.com/economia/vinci-compass-compra-70-das-acoes-da-changi-no-galeao;N;
Vinci;Vinci Compass compra 70% das ações da Changi no Galeão | Negócios | pipelinevalor;Gestora também vai participar de leilão por fatia da Infraero, tornando-se controladora da concessionária;https://pipelinevalor.globo.com/negocios/noticia/vinci-compass-compra-70percent-das-acoes-da-changi-no-galeao.ghtml;N;
Xp Investimentos;Novo recorde: Ibovespa supera os 142 mil pontos e atinge maior nível intradia histórico – Money Times;O recorde intradia do Ibovespa tem o cenário interno como gatilho: possível vitória de Tarcísio sobre Lula nas eleições de 2026;https://www.moneytimes.com.br/novo-recorde-ibovespa-28-8-25-lils/;N;
Vinci;Vinci compra controle da concessionária do RIOgaleão - 27/08/2025 - Mercado - Folha;Fundos da Vinci Compass compraram 70% da acionista controladora;https://www1.folha.uol.com.br/mercado/2025/08/vinci-compass-compra-controle-da-riogaleao.shtml;N;
Vinci;Vinci Compass compra controle da RIOgaleão;Fundos da Vinci compraram 70% da acionista controladora da RIOgaleão e a Changi ficou com os 30% restantes na parceria;https://www.infomoney.com.br/mercados/vinci-compass-compra-controle-da-riogaleao/;N;
Vinci;JHSF Capital prepara fundos “puro-sangue” com shoppings e ativos do Fasano - NeoFeed;;https://neofeed.com.br/videos/cafe-investidor/jhsf-capital-prepara-fundos-puro-sangue-com-shoppings-e-ativos-do-fasano/;N;
Vinci;Temasek vira sócia do Burger King no Brasil | Tocantins;;https://www.jornaldotocantins.com.br/economia/temasek-vira-socia-do-burger-king-no-brasil-1.723566;N;
Vinci;UOL Economia: encontre orientações e notícias sobre economia;Encontre orientações e notícias sobre economia: investimentos, finanças, negócios, carreira, cotações de Bolsas, moedas, índices econômicos e mais...;https://economia.uol.com.br/newsletters/novos-posts/graciliano-rocha/2025/08/27/megagalpao-em-area-estrategica-da-divisa-minas-sp-tem-novo-locador.htm;N;
Vinci;Vinci Compass compra participação da Changi Airports e assume controle de concessão do aeroporto do Galeão – Money Times;A concessionária que administra o aeroporto internacional Galeão, no Rio de Janeiro, anunciou nesta quarta-feira que a Vinci Compass comprou o controle da A concessionária do aeroporto Rio Galeão anunciou que a Vinci Compass comprou o controle da empresa, que estava antes com a Changi Airports, de Cingapura.;https://www.moneytimes.com.br/vinci-compass-compra-participacao-da-changi-airports-e-assume-controle-de-concessao-do-aeroporto-do-galeao-fets/;N;
Vinci;Aeroporto do Galeão é vendido e chega ao fim de uma era no Brasil;A concessionária RIOgaleão, que administra o Aeroporto Internacional Tom Jobim, no Rio de Janeiro, confirmou nesta quarta-feira (25) a venda do controle da;https://diariodocomercio.com.br/mix/aeroporto-do-galeao-e-vendido-e-chega-ao-fim-de-uma-era-no-brasil/;N;
Vinci;Vinci assume controle do Aeroporto Galeão e pode chegar a 85% após leilão da Infraero - Investidor10;A Vinci Compass decidiu fazer um aporte importante na concessionária que administra o Aeroporto Internacional Tom Jobim, também conhecido como Galeão, no Rio de Janeir...;https://investidor10.com.br/noticias/vinci-assume-controle-do-aeroporto-galeao-e-pode-chegar-a-85-apos-leilao-da-infraero-115076/;N;
Vinci;A busca pelo próximo Buffett começa no ensino médio - Brazil Journal;Lucas Klabin participa de competições de investimento desde os 12 anos, mas uma coisa sempre incomodou o aluno da Escola Britânica, hoje com 17.;https://braziljournal.com/a-busca-pelo-proximo-buffett-comeca-no-ensino-medio/;N;
Vinci;ERROR: The request could not be satisfied;N/A;https://www.portaltela.com/noticias/economia/2025/08/27/vinci-assume-controle-do-aeroporto-do-galeao-ao-comprar-70-das-acoes-da-changi;N;
Vinci;Just a moment...;N/A;https://fusoesaquisicoes.com/hr/pmes-usam-fusoes-e-aquisicoes-para-superar-desafios-e-expandir-negocios/;N;
Vinci;Aeroporto de Maringá ganha primeira escada de acesso com elevador para aviões;A Gol Linhas Aéreas inaugurou no aeroporto de Maringá uma escada de acesso com elevador, pioneira na América Latina;https://aeromagazine.uol.com.br/artigo/gol-escada-acesso-elevador-aeroporto-maringa.html;N;
Vinci;Carioca Vinci assume controle do Galeão após compra de fatia de firma de Singapura - Diário do Rio de Janeiro;A Vinci comprou 70% da participação da Changi no Galeão e assumiu o controle da RIOgaleão. Empresa se prepara para disputar em 2026 o leilão da fatia de 49% da Infraero no aeroporto.;https://diariodorio.com/carioca-vinci-assume-controle-do-galeao-apos-compra-de-fatia-de-firma-de-singapura/;N;
Vinci;Galeão tem novo sócio: o que muda no aeroporto internacional do Rio?;Vinci Compass será maior acionista do bloco privado e já mira controle total do terminal com a compra da fatia da Infraero em 2026. Nova estrutura deve acelerar planos de expansão e atração de hotel;https://oglobo.globo.com/economia/negocios/noticia/2025/08/28/galeao-tem-novo-socio-o-que-muda-no-aeroporto-internacional-do-rio.ghtml;N;
Vinci;Brasil se destaca como líder em potencial para produção de SAF, revela estudo do MIT financiado pela Latam e Airbus | Brasil 247;Estudo independente indica que o Brasil é o país com maior capacidade de produção de combustível sustentável para aviação na América Latina;https://www.brasil247.com/brasil-sustentavel/brasil-se-destaca-como-lider-em-potencial-para-producao-de-saf-revela-estudo-do-mit-financiado-pela-latam-e-airbus;N;
Vinci;Vinci assume o controle do Aeroporto do Galeão com aquisição de ações da Changi – Agenda do Poder;Empresa francesa fortalece sua presença no Brasil e mira o leilão da Infraero em 2026;https://agendadopoder.com.br/vinci-assume-o-controle-do-aeroporto-do-galeao-com-aquisicao-de-acoes-da-changi/;N;
Vinci;Vinci adquire controle da RIOgaleão - Money Report;Antiga controladora, Changi ficou com 30% da parte privada da concessionária, que deve passar por um processo de concorrência após repactuação com o TCU A concessionária que administra o aeroporto internacional Galeão, no Rio de Janeiro, anunciou nesta quarta-feira (28) que a Vinci Compass comprou o controle da empresa, que…;https://www.moneyreport.com.br/negocios/vinci-adquire-controle-da-riogaleao/;N;
Vinci;Aeroporto do Galeão deve deixar de ter a Changi como maior sócia após aprovação de venda de ações;Apesar da mudança, nada deve mudar na operação do aeroporto e o presidente da concessionária, Alexandre Monteiro, segue na posição.;https://aeroin.net/aeroporto-do-galeao-deve-deixar-de-ter-a-changi-como-maior-socia-apos-aprovacao-de-venda-de-acoes/;N;
Vinci;Attention Required! | Cloudflare;N/A;https://www.mercadoeeventos.com.br/noticias/aviacao/aeroporto-do-galeao-e-vendido-vinci-assume-controle-e-encerra-era-changi-no-brasil/;N;
Vinci;Vinci assume controle do Galeão com compra de 70% das ações;Vinci compra 70% do Galeão, transformando a gestão do aeroporto do Rio de Janeiro.;https://diario.dopovo.com.br/2025/08/27/vinci-compra-70-do-galeao-e-assume-controle-do-aeroporto-do-rio/;N;
Vinci;Vinci Compass compra controle do Galeão;Gestora assume 70% da Changi e projeta novos investimentos no aeroporto do Rio - Confira na íntegra no Portal PANROTAS!;https://www.panrotas.com.br/aviacao/aeroportos/2025/08/vinci-compass-assume-controle-do-galeao-apos-compra-de-participacao-da-changi_220911.html;N;
Vinci;Vinci Compass compra participação da Changi Airports e assume controle de concessão do aeroporto do Galeão - Economia em Pauta;A concessionária que administra o aeroporto internacional Galeão, no Rio de Janeiro, anunciou nesta quarta-feira que a Vinci Compass comprou o controle da empresa, que estava antes com a Changi Airports, de Cingapura. Fundos da Vinci compraram 70% da acionista controladora da RIOgaleão e a Changi ficou com os 30%…;https://economiaempauta.com.br/vinci-compass-compra-participacao-da-changi-airports-e-assume-controle-de-concessao-do-aeroporto-do-galeao/;N;
Vinci;Íris Lettieri, voz histórica do aeroporto do Galeão, morre aos 84 anos;A jornalista e locutora Íris Lettieri, voz histórica do aeroporto internacional do Rio de Janeiro, morreu aos 84 anos;https://aeromagazine.uol.com.br/artigo/iris-lettieri-morre-84-anos-voz-galeao.html;N;
Vinci;Vinci Compass assume fatia majoritária da RIOgaleão após acordo com Changi - Airway;A Vinci Compass firmou acordo para adquirir 70% da participação da Changi Airports na concessionária RIOgaleão, responsável;https://www.airway.com.br/vinci-compass-assume-fatias-galeao-changi/;N;
Vinci;Aeroporto do Galeão passará a ser controlado pela Vinci Compass - Ilha Carioca;Fundos da Vinci adquiriram 70% da acionista controladora e a Changi ficou com os 30% restantes na parceria 2025;https://ilhacarioca.com/aeroporto-do-galeao-passara-a-ser-controlado-pela-vinci-compass/;N;
Vinci;Megaoperação mira esquema de R$ 23 bi do PCC com combustíveis e fintechs - Economia em Pauta;A Polícia Federal e a Receita Federal realizam nesta quinta-feira duas operações contra esquemas de lavagem de dinheiro no setor de combustíveis que teriam realizado movimentações ilícitas na casa dos R$ 23 bilhões, informou a corporação.Em uma das operações, denominada Quasar, agentes cumprem 12 mandados de busca e apreensão nas…;https://economiaempauta.com.br/megaoperacao-mira-esquema-de-r-23-bi-do-pcc-com-combustiveis-e-fintechs/;N;
Bnp;BNP Paribas aporta R$ 773 milhões no Brasil de olho em projetos de infraestrutura - NeoFeed;A capitalização, que ainda precisa ser aprovada pelo Banco Central, foi feita por meio de uma injeção de recursos em caixa;https://neofeed.com.br/negocios/bnp-paribas-aporta-r-773-milhoes-no-brasil-de-olho-em-projetos-de-infraestrutura/;N;
Bnp;Banco francês BNP Paribas faz aporte de R$ 773 milhões na subsidiária brasileira | Finanças | Valor Econômico;Objetivo é apoiar o crescimento esperado para os próximos 18 meses;https://valor.globo.com/financas/noticia/2025/08/29/banco-francs-bnp-paribas-faz-aporte-de-r-773-milhes-na-subsidiria-brasileira.ghtml;N;
Bnp;Fundos de hedge na Europa ganham popularidade à medida que investidores se afastam dos EUA, diz BNP Paribas — TradingView News;Os investidores planejam aumentar sua exposição a fundos de hedge para preferir a Europa e a Ásia aos EUA pela primeira vez desde 2023, à medida que financiadores ricos diversificam seus investimentos para além dos Estados Unidos, mostrou uma pesquisa do BNP Paribas EURONEXT:BNP enviada a clientes…;https://br.tradingview.com/news/reuters.com,2025:newsml_L1N3UK0KH:0/;N;
Tivio;GGRC11 revisa proposta de aquisição de imóvel logístico em Quatro Barras para R$ 222 milhões;A Banvox Distribuidora de Títulos e Valores Mobiliários, administradora do fundo GGRC11, e a Zagros Capital Gestão de Recursos, gestora do fundo, divulgaram informações adicionais sobre a proposta de aquisição de um imóvel logístico localizado em Quatro Barras (PR), atualmente de propriedade do fundo VTLT11 e locado à Renault do Brasil Comércio e Participações Ltda.;https://www.clubefiinews.com.br/logisticos-industriais/ggrc11-revisa-proposta-de-aquisicao-de-imovel-logistico-em-quatro-barras-para-222-milhoes;N;
Vinci;Vinci compra 70% do Galeão de Changi e investe no aeroporto;Vinci compra 70% do Galeão e prevê melhorias e novos investimentos no aeroporto.;https://diario.dopovo.com.br/2025/08/28/vinci-compra-70-do-galeao-de-changi-em-nova-fase-para-o-aeroporto/;N;
Bnp;BNP Paribas faz aporte de R$773 milhões em operação brasileira;Encontre orientações e notícias sobre economia: investimentos, finanças, negócios, carreira, cotações de Bolsas, moedas, índices econômicos e mais...;https://economia.uol.com.br/noticias/reuters/2025/08/29/bnp-paribas-faz-aporte-de-r773-milhoes-em-operacao-brasileira.htm;N;
Bnp;BNP Paribas encerra operações externas terceirizadas para priorizar mesas internas - FinanceFeeds;O BNP Paribas deixará de oferecer negociação terceirizada a gestores de ativos terceirizados e se concentrará em atender suas próprias unidades de investimento, de acordo com pessoas;https://financefeeds.com/pt/BNP-Paribas-encerra-negocia%C3%A7%C3%B5es-externas-terceirizadas-para-priorizar-mesas-internas/;N;
Bnp;Inquérito do BNP Paribas mostra maior interesse de investidores de ‘hedge funds’ na Europa e Ásia do que nos EUA - Jornal PT50 - Banca e Finanças para Profissionais;A Europa atraiu 37% dos investidores, na primeira metade do ano, segundo o BNP Paribas. 'Hedge funds' de crédito lideram em captação de capital.;https://jornalpt50.pt/noticia/inquerito-do-bnp-paribas-mostra-maior-interesse-de-investidores-de-hedge-funds-na-europa-e-asia-do-que-nos-eua/;N;
Xp Investimentos;Bo.Bô reinaugura loja conceito no Flamboyant Shopping com evento exclusivo - Revista Zelo;Projetada para conectar moda e lifestyle, a loja oferece uma atmosfera acolhedora e sofisticada, pensada para que as clientes se sintam em casa;https://revistazelo.com.br/bo-bo-reinaugura-loja-conceito-no-flamboyant-shopping-com-evento-exclusivo-2/;N;
Bnp;Com aporte de capital, BNP Paribas quer fortalece operação local – Revista Investidor Institucional;N/A;https://investidorinstitucional.com.br/mercados/bancos/com-aporte-de-capital-bnp-paribas-quer-fortalece-operacao-local/;N;
Bnp;Conversas e Mesas – Theatro Municipal de São Paulo;N/A;https://theatromunicipal.org.br/categorias-eventos/conversas-e-mesas/;N;
Bnp;Coro Lírico Municipal em Piracicaba – Theatro Municipal de São Paulo;N/A;https://theatromunicipal.org.br/eventos/concerto-coro-lirico-municipal-em-piracicaba/;N;
Bnp;Missa Bernstein – Theatro Municipal de São Paulo;N/A;https://theatromunicipal.org.br/eventos/concerto-missa-bernstein-2/;N;
Bnp;Virada Cultural | Coro Lírico Municipal na Paróquia Nossa Senhora da Consolação – Theatro Municipal de São Paulo;N/A;https://theatromunicipal.org.br/eventos/virada-cultural-coro-lirico-municipal-na-paroquia-nossa-senhora-da-consolacao/;N;
Bnp;Coral Paulistano – Requiem de Fauré no Theatro São Pedro – Theatro Municipal de São Paulo;N/A;https://theatromunicipal.org.br/eventos/concerto-coral-paulistano-requiem-de-faure-no-theatro-sao-pedro/;N;
Bnp;BNP Paribas faz aporte de R$773 milhões em operação brasileira;Encontre orientações e notícias sobre economia: investimentos, finanças, negócios, carreira, cotações de Bolsas, moedas, índices econômicos e mais...;https://economia.uol.com.br/noticias/reuters/2025/08/29/bnp-paribas-faz-aporte-de-r773-milhoes-em-operacao-brasileira.htm;S;
Bnp;BNP Paribas encerra operações externas terceirizadas para priorizar mesas internas - FinanceFeeds;O BNP Paribas deixará de oferecer negociação terceirizada a gestores de ativos terceirizados e se concentrará em atender suas próprias unidades de investimento, de acordo com pessoas;https://financefeeds.com/pt/BNP-Paribas-encerra-negocia%C3%A7%C3%B5es-externas-terceirizadas-para-priorizar-mesas-internas/;S;
Bnp;Inquérito do BNP Paribas mostra maior interesse de investidores de ‘hedge funds’ na Europa e Ásia do que nos EUA - Jornal PT50 - Banca e Finanças para Profissionais;A Europa atraiu 37% dos investidores, na primeira metade do ano, segundo o BNP Paribas. 'Hedge funds' de crédito lideram em captação de capital.;https://jornalpt50.pt/noticia/inquerito-do-bnp-paribas-mostra-maior-interesse-de-investidores-de-hedge-funds-na-europa-e-asia-do-que-nos-eua/;N;
Xp Investimentos;Bo.Bô reinaugura loja conceito no Flamboyant Shopping com evento exclusivo - Revista Zelo;Projetada para conectar moda e lifestyle, a loja oferece uma atmosfera acolhedora e sofisticada, pensada para que as clientes se sintam em casa;https://revistazelo.com.br/bo-bo-reinaugura-loja-conceito-no-flamboyant-shopping-com-evento-exclusivo-2/;N;
Bnp;Com aporte de capital, BNP Paribas quer fortalece operação local – Revista Investidor Institucional;N/A;https://investidorinstitucional.com.br/mercados/bancos/com-aporte-de-capital-bnp-paribas-quer-fortalece-operacao-local/;N;
Bnp;Conversas e Mesas – Theatro Municipal de São Paulo;N/A;https://theatromunicipal.org.br/categorias-eventos/conversas-e-mesas/;N;
Bnp;Coro Lírico Municipal em Piracicaba – Theatro Municipal de São Paulo;N/A;https://theatromunicipal.org.br/eventos/concerto-coro-lirico-municipal-em-piracicaba/;N;
Bnp;Missa Bernstein – Theatro Municipal de São Paulo;N/A;https://theatromunicipal.org.br/eventos/concerto-missa-bernstein-2/;N;
Bnp;Virada Cultural | Coro Lírico Municipal na Paróquia Nossa Senhora da Consolação – Theatro Municipal de São Paulo;N/A;https://theatromunicipal.org.br/eventos/virada-cultural-coro-lirico-municipal-na-paroquia-nossa-senhora-da-consolacao/;N;
Bnp;Coral Paulistano – Requiem de Fauré no Theatro São Pedro – Theatro Municipal de São Paulo;N/A;https://theatromunicipal.org.br/eventos/concerto-coral-paulistano-requiem-de-faure-no-theatro-sao-pedro/;N;
Vinci;Morre Íris Lettieri, voz do aeroporto Galeão;Por quatro décadas Íris anunciou as chegadas e partidas dos voos no aeroporto - Confira na íntegra no Portal PANROTAS!;https://www.panrotas.com.br/gente/memoria/2025/08/falece-no-rio-de-janeiro-iris-lettieri-voz-dos-anuncios-do-aeroporto-galeao_220913.html;N;
Xp Investimentos;Investidores-anjo no Brasil: quem são e quais obstáculos enfrentam?;Quais são os perfis dos investidores-anjo no Brasil e quais obstáculos são enfrentados por essas pessoas;https://www.infomoney.com.br/business/investidores-anjo-no-brasil-quem-sao-e-quais-obstaculos-enfrentam/;N;
Xp Investimentos;"Eduardo Saverin é o brasileiro mais rico pelo 2º ano seguido; conheça";O patrimônio de Saverin é estimado em R$ 227 bilhões;https://www.infomoney.com.br/business/fobes-saverin-lidera-lista-dos-brasileiros-mais-ricos-pela-2a-vez-consecutiva/;N;
Xp Investimentos;São Paulo Expo projeta 2,5 milhões de visitantes em 2025 com 90 eventos na agenda - Live MKT News;Sob a gestão da GL events, o São Paulo Expo iniciou o segundo semestre de 2025 com uma agenda intensa: cerca de 55 eventos confirmados;https://livemarketing.com.br/sao-paulo-expo-projeta-25-milhoes-de-visitantes-em-2025-com-90-eventos-na-agenda;N;
Xp Investimentos;XP contrata 1º banqueiro para atendimento de investidores com mais de R$ 3 mi no Pará;A contratação faz parte de uma estratégia da empresa para expansão no Norte do país;https://www.infomoney.com.br/advisor/xp-contrata-1o-banqueiro-para-atendimento-de-investidores-com-mais-de-r-3-mi-no-para/;N;
Vinci;Reag foi de R$ 25 bi para R$ 341 bi em cinco anos | Mercado | pipelinevalor;Companhia cresceu com aquisições e na esteira de clientes como Master;https://pipelinevalor.globo.com/mercado/noticia/reag-foi-de-r-25-bi-para-r-341-bi-em-cinco-anos.ghtml;S;
Xp Investimentos;Mercado Livre perde liderança de tráfego no Brasil para Temu em 2025 | China2Brazil;Destaques da Semana: O Mercado Livre perdeu liderança do tráfego de e-commerce no Brasil para Temu com 409,7 milhões de visitas. Saiba mais.;https://china2brazil.com.br/mercado-livre-perde-lideranca-de-trafego-no-brasil-para-temu-em-2025/;N;
Vinci;Região de Foz do Iguaçu terá voo direto para o Peru;A Flybondi abrirá em dezembro uma rota direta entre Puerto Iguazú, na região da tríplice fronteira, e Lima, com quatro voos semanais;https://aeromagazine.uol.com.br/artigo/flybondi-rota-puerto-iguazu-lima-2025.html;N;
Vinci;Novo teatro na Ilha conta com patrocínio da Light e capacidade de 700 lugares - Ilha Carioca;O espaço nasce como um novo polo cultural na Zona Norte carioca, com capacidade de impactar positivamente a vida de milhares de moradores, oferecendo uma programação diversa e acessível;https://ilhacarioca.com/novo-teatro-na-ilha-conta-com-patrocinio-da-light-e-capacidade-de-700-lugares/;N;
Vinci;Agosto Lilás: evento reforça combate à violência contra a mulher - Ilha Carioca;A programação também contou com a participação de convidadas do Patrulha Maria da Penha, mulheres vitimas de violência trazendo suas experiências.;https://ilhacarioca.com/agosto-lilas-evento-reforca-combate-a-violencia-contra-a-mulher/;N;
Bnp;BNP Paribas investe R$ 773 milhões no Brasil, maior aporte desde 2019 - Monitor do Mercado;BNP Paribas anuncia aporte de R$ 773 milhões em sua operação no Brasil, visando expansão da oferta de produtos e serviços.;https://monitordomercado.com.br/noticias/empresas-e-acoes/299806-bnp-paribas-investe-r-773-milhoes-no-brasil-maior-aporte-desde-2019/;N;
Xp Investimentos;Empresas estatais têm déficit de R$ 5,5 bilhões entre janeiro e julho, diz o Banco Central - Jornal O Sul;Empresas estatais têm déficit de R$ 5,5 bilhões entre janeiro e julho, diz o Banco Central - Jornal O Sul;https://www.osul.com.br/empresas-estatais-tem-deficit-de-r-55-bilhoes-entre-janeiro-e-julho-diz-o-banco-central/;N;
Xp Investimentos;Empreendedores trocam experiências e fazem negócios em imersão na XP - Economia em Pauta;Iniciar em uma salinha de 25 metros quadrados em Porto Alegre e criar a uma empresa bilionária listada na bolsa de Nova York é para poucos – ainda mais se durante essa jornada você transformar o mercado financeiro brasileiro e ajuda milhões de brasileiros a investir melhor.Guilherme Benchimol,  » LEIA MAIS;https://economiaempauta.com.br/empreendedores-trocam-experiencias-e-fazem-negocios-em-imersao-na-xp/;N;
Tivio;ERROR: The request could not be satisfied;N/A;https://www.portaltela.com/economia/educacao/2025/08/31/brasil-deve-reduzir-juros-em-breve-especialistas-recomendam-aproveitar-oportunidades;N;
Tivio;Brasil não aguenta juro a 15% por muito tempo, alerta Tivio Capital - YouTube;O mundo todo está cheio de incertezas, não só o Brasil. Ainda assim, por aqui os juros elevados geram boas oportunidades em renda fixa e fundos imobiliários,...;https://www.youtube.com/watch?v=_wX--cDEDXY;N;
Bnp;A CSSF aplicou 11 milhões de euros em coimas no ano passado, o montante mais elevado desde 2017 | Contacto;O montante para 2024 inclui uma única sanção de 3 milhões de euros contra o BGL BNP Paribas.;https://www.contacto.lu/economia/regulador-financeiro-do-luxemburgo-aplicou-11-milhoes-de-euros-em-coimas-no-ano-passado/87164291.html;S;
Xp Investimentos;Empreendedores trocam experiências e fazem negócios em imersão na XP;Evento do InfoMoney em parceria com XP Educação, XP Empresas e Galapos terminou domingo na sede da XP com participação de Guilherme Benchimol e outros empreendedores;https://www.infomoney.com.br/business/empreendedores-trocam-experiencias-e-fazem-negocios-em-imersao-na-xp/;N;
Xp Investimentos;Tarcísio ou Ratinho Jr devem substituir Bolsonaro na corrida presidencial, diz ARX;Tarcísio ou Ratinho Jr devem substituir Bolsonaro na corrida presidencial. A afirmação é do economista Gabriel Barros, da ARX.;https://www.infomoney.com.br/advisor/tarcisio-ou-ratinho-jr-devem-substituir-bolsonaro-na-corrida-presidencial/;N;
Xp Investimentos;Desaceleração de receitas afeta investimentos dos Estados no primeiro semestre do ano | Impresso | Valor Econômico;"No agregado de 26 Estados e o Distrito Federal, houve queda real de 4,4%; gastos podem ganhar força nos próximos meses com proximidade de eleições";https://valor.globo.com/impresso/noticia/2025/09/01/desaceleracao-de-receitas-afeta-investimentos-dos-estados-no-primeiro-semestre-do-ano.ghtml;N;
Xp Investimentos;Caixa Seguridade (CXSE3) quer atrair novos investidores | InfoMoney Entrevista - CEO Conference - YouTube;Esta edição do InfoMoney Entrevista é especial, gravada diretamente da XP Brazil CEO Conference 2025. O evento, promovido pela XP no Copacabana Palace no Rio...;https://www.youtube.com/watch?v=8QRwgKSirI0;;
Xp Investimentos;PIB dá sinais de desaceleração no segundo trimestre;Devido aos impactos dos juros altos, a atividade econômica no segundo trimestre deve crescer menos que os 1,4% registrados no primeiro trimestre, segundo analistas. Maioria das apostas para o indicador de abril a junho indicam alta de 0,3%;https://www.correiobraziliense.com.br/economia/2025/09/7238482-pib-da-sinais-de-desaceleracao-no-segundo-trimestre.html;N;
Xp Investimentos;Just a moment...;N/A;https://acionista.com.br/xpml11-vale-a-pena-comprar-depois-deste-anuncio-bilionario/;N;
Xp Investimentos;EUA vai manter alta nas bolsas? Depende dos próximos 14 pregões - BPMoney;As próximas semanas darão a Wall Street uma leitura clara sobre se a mais recente alta do mercado de ações continuará.;https://bpmoney.com.br/mercado/acoes/eua-vai-manter-alta-nas-bolsas-depende-dos-proximos-14-pregoes/;N;
Xp Investimentos;Na alta renda, número de assessores salta 400%, mas todo mundo disputa o mesmo dinheiro – Direto da Faria Lima – Estadão E-Investidor – As principais notícias do mercado financeiro;"Estudo da SmartBrain mapeia evolução do mercado de assessoria na última década; mais profissionais, mais concorrência e o foco cada vez maior em relacionamento do que produtos";https://einvestidor.estadao.com.br/direto-da-faria-lima/alta-renda-numero-de-assessores-salta-400-aum-diminui/;N;
Xp Investimentos;Empresas buscam clientes de alta renda em MT - Isso É Notícia;De aviação executiva a imóveis de grife, companhias, como a XP, investem para atender consumidores com alto poder aquisitivo no estado;https://issoenoticia.com.br/empresas-buscam-clientes-de-alta-renda-em-mt/;N;
Xp Investimentos;ERROR: The request could not be satisfied;N/A;https://www.portaltela.com/noticias/economia/2025/08/30/mercado-livre-pode-revolucionar-o-setor-farmaceutico-com-nova-entrada-no-mercado;N;
Xp Investimentos;Mercado Livre (MELI34) pode desbloquear novo potencial catalisador no Brasil, afirma XP — e acende sinal de alerta para um setor na B3 - Seu Dinheiro;Potencial aquisição de farmácia é vista pela XP como o primeiro passo para expandir a presença do Mercado Livre em um setor estratégico.;https://www.seudinheiro.com/2025/empresas/mercado-livre-meli34-pode-desbloquear-novo-potencial-catalisador-no-brasil-afirma-xp-e-acende-sinal-de-alerta-para-um-setor-na-b3-miql/;N;
Xp Investimentos;"BB Investimentos troca todas as ações da carteira recomendada para setembro; veja os novos nomes – Money Times";O BB Investimentos promoveu uma reformulação completa na sua carteira recomendada 5+ para setembro. Confira as ações.;https://www.moneytimes.com.br/bb-investimentos-troca-todas-as-acoes-da-carteira-recomendada-para-setembro-veja-os-novos-nomes-jcav/;N;
Xp Investimentos;Dividendos de até 13,2%: Petrobras (PETR4), Itaúsa (ITSA4) e outras 8 ações para colocar na carteira, segundo o BB Investimentos – Money Times;O BB Investimentos promoveu uma forte rotação em sua carteira de dividendos, válida de setembro a novembro de 2025.;https://www.moneytimes.com.br/dividendos-de-ate-132-petrobras-petr4-itausa-itsa4-e-outras-8-acoes-para-colocar-na-carteira-segundo-o-bb-investimentos-jcav/;N;
Xp Investimentos;Acesso Bloqueado;N/A;https://conteudos.xpi.com.br/acoes/relatorios/raio-xp-resiliencia-do-mercado-em-agosto-se-transforma-em-otimismo-renovado/;N;
Xp Investimentos;Tarcísio não devia usar o nome de JK em vão;...;https://www.jb.com.br/colunistas/coisas-da-politica/2025/08/1056737-tarcisio-nao-devia-usar-o-nome-de-jk-em-vao.html;;
Xp Investimentos;"Small Caps: BB Investimentos reformula carteira de setembro para buscar retornos de até 50%; veja as ações – Money Times";O BB Investimentos renovou sua carteira recomendada de small caps para setembro e manteve apenas o Banrisul (BRSR6).;https://www.moneytimes.com.br/small-caps-bb-investimentos-reformula-carteira-de-setembro-para-buscar-retornos-de-ate-50-veja-as-acoes-jcav/;N;
Xp Investimentos;Acesso Bloqueado;N/A;https://conteudos.xpi.com.br/renda-fixa/relatorios/fique-de-olho-na-renda-fixa-setembro/;N;
Xp Investimentos;XP apresenta perspectivas para o mercado financeiro em BH;Saiba mais sobre o evento da XP em BH, analisando cenários econômicos e estratégias para investidores. Leia mais e prepare-se para o segundo semestre.;https://www.otempo.com.br/minas-sa/2025/8/31/xp-apresenta-perspectivas-para-o-mercado-financeiro-durante-evento-em-belo-horizonte;N;
Xp Investimentos;Acesso Bloqueado;N/A;https://conteudos.xpi.com.br/politica/news-xpress-01-09-2025/;;
Xp Investimentos;XP abre mais de 30 vagas para assessores de investimento em evento em Goiânia (GO);A XP vai realizar em 13 de setembro mais uma edição do B2B Contrata, desta vez em Goiânia, na Região Centro-Oeste.;https://www.infomoney.com.br/advisor/xp-abre-mais-de-30-vagas-para-assessores-de-investimento-em-evento-em-goiania-go/;N;
Xp Investimentos;XP abre mais de 30 vagas para assessores de investimento em evento em Goiânia (GO) - Economia em Pauta;A XP Investimentos vai realizar em 13 de setembro mais uma edição do B2B Contrata, desta vez em Goiânia (GO), reforçando sua estratégia de aproximar escritórios de investimentos de novos talentos em diferentes regiões do país. A capital goiana terá mais de 30 vagas abertas para assessores de investimento, em…;https://economiaempauta.com.br/xp-abre-mais-de-30-vagas-para-assessores-de-investimento-em-evento-em-goiania-go/;N;
Xp Investimentos;Ciro Nogueira nega elo com PCC, envia ofício a Lewandowski e exige investigação da PF;Senador reagiu a denúncia publicada neste domingo, negou acusações e colocou seus sigilos à disposição da Justiça;https://www.infomoney.com.br/politica/ciro-nogueira-nega-elo-com-pcc-envia-oficio-a-lewandowski-e-exige-investigacao-da-pf/;N;
Bnp;ERROR: The request could not be satisfied;N/A;https://www.portaltela.com/noticias/economia/2025/08/31/bancos-globais-e-mineradoras-de-ouro-sao-apostas-fortes-afirma-gestor-da-lazard;N;
Vinci;Vinci Compass adquire 70% das participações no Aeroporto do Galeão - Passageiro de Primeira;RIOgaleão tem novo controlador: Vinci Compass assume 70% da concessionária, e mudança pode impactar infraestrutura e serviços;https://passageirodeprimeira.com/vinci-compass-adquire-70-das-participacoes-no-aeroporto-do-galeao/;S;
Xp Investimentos;"Dia de liquidez reduzida com feriado nos EUA e agenda vazia; o que esperar do Ibovespa nesta segunda (1) – Money Times";"Dia de liquidez reduzida com feriado nos EUA e agenda vazia; o que esperar do Ibovespa nesta segunda-feira (1).";https://www.moneytimes.com.br/dia-de-liquidez-reduzida-com-feriado-nos-eua-e-agenda-vazia-o-que-esperar-do-ibovespa-nesta-segunda-feira-01-09-2025-gll/;N;
Xp Investimentos;"XP Malls anuncia venda bilionária de participações em shoppings; IFIX fecha agosto em alta – Money Times";"XP Malls anuncia venda de nove shoppings por R$ 1,6 bilhão; IFIX fecha agosto em alta de 1,16%, acumulando avanço de 11,55% em 2025.";https://www.moneytimes.com.br/xp-malls-anuncia-venda-bilionaria-de-shoppings-ifix-fecha-agosto-em-alta-igdl/;S;
Tivio;"Brasil não deve sustentar juro alto por muito tempo; é hora de aproveitar, diz Tivio";Com a Selic a 15% ao ano, investidores encontram boas oportunidades em renda fixa e fundos imobiliários, avalia Adriano Mantesso, head de Real Estate da Tivio Capital;https://www.infomoney.com.br/advisor/e-pouco-provavel-que-o-brasil-aguente-juro-tao-alto-por-muito-tempo-alerta-tivio/;N;
Xp Investimentos;XP Malls vende fatias em nove shoppings por R$ 1,6 bilhão - São Bento em Foco - 24 horas de Notícias;N/A;https://saobentoemfoco.com.br/xp-malls-vende-fatias-em-nove-shoppings-por-r-16-bilhao/;N;
Xp Investimentos;N/A;N/A;https://gauchazh.clicrbs.com.br/economia/noticia/2025/08/bitcoin-hoje-acompanhe-ao-vivo-a-cotacao-cmez3sswn02kn01678bo76xjd.html;N;
Xp Investimentos;N/A;N/A;https://gauchazh.clicrbs.com.br/colunistas/marta-sfredo/noticia/2025/08/pela-primeira-vez-em-dois-anos-revisamos-o-pib-para-baixo-diz-estrategista-de-investimentos-cmevv06y501s60167vow5p77b.html;N;